user_id,page
253019,payment_confirmation_page
310478,payment_confirmation_page
304081,payment_confirmation_page
901286,payment_confirmation_page
266323,payment_confirmation_page
726983,payment_confirmation_page
920853,payment_confirmation_page
86346,payment_confirmation_page
786801,payment_confirmation_page
534314,payment_confirmation_page
380772,payment_confirmation_page
31984,payment_confirmation_page
511202,payment_confirmation_page
129856,payment_confirmation_page
192794,payment_confirmation_page
91644,payment_confirmation_page
679878,payment_confirmation_page
890129,payment_confirmation_page
836611,payment_confirmation_page
403411,payment_confirmation_page
370582,payment_confirmation_page
512591,payment_confirmation_page
606498,payment_confirmation_page
32301,payment_confirmation_page
862445,payment_confirmation_page
459283,payment_confirmation_page
961279,payment_confirmation_page
731061,payment_confirmation_page
214087,payment_confirmation_page
745289,payment_confirmation_page
875072,payment_confirmation_page
293832,payment_confirmation_page
303189,payment_confirmation_page
364116,payment_confirmation_page
970597,payment_confirmation_page
877164,payment_confirmation_page
73655,payment_confirmation_page
875703,payment_confirmation_page
441896,payment_confirmation_page
411407,payment_confirmation_page
718150,payment_confirmation_page
119028,payment_confirmation_page
723371,payment_confirmation_page
672834,payment_confirmation_page
360291,payment_confirmation_page
446417,payment_confirmation_page
713032,payment_confirmation_page
389944,payment_confirmation_page
431821,payment_confirmation_page
357648,payment_confirmation_page
884113,payment_confirmation_page
747694,payment_confirmation_page
708679,payment_confirmation_page
886806,payment_confirmation_page
934114,payment_confirmation_page
724666,payment_confirmation_page
777117,payment_confirmation_page
495047,payment_confirmation_page
657122,payment_confirmation_page
546782,payment_confirmation_page
768168,payment_confirmation_page
338979,payment_confirmation_page
406139,payment_confirmation_page
172356,payment_confirmation_page
848519,payment_confirmation_page
476910,payment_confirmation_page
210028,payment_confirmation_page
888558,payment_confirmation_page
409019,payment_confirmation_page
81850,payment_confirmation_page
434586,payment_confirmation_page
749181,payment_confirmation_page
793482,payment_confirmation_page
646065,payment_confirmation_page
5065,payment_confirmation_page
701414,payment_confirmation_page
320082,payment_confirmation_page
816735,payment_confirmation_page
345914,payment_confirmation_page
728049,payment_confirmation_page
383704,payment_confirmation_page
97291,payment_confirmation_page
189009,payment_confirmation_page
135452,payment_confirmation_page
315803,payment_confirmation_page
363839,payment_confirmation_page
301661,payment_confirmation_page
504016,payment_confirmation_page
439638,payment_confirmation_page
188076,payment_confirmation_page
227268,payment_confirmation_page
930628,payment_confirmation_page
523062,payment_confirmation_page
622567,payment_confirmation_page
796093,payment_confirmation_page
582424,payment_confirmation_page
504248,payment_confirmation_page
288841,payment_confirmation_page
154962,payment_confirmation_page
701004,payment_confirmation_page
129792,payment_confirmation_page
485456,payment_confirmation_page
74996,payment_confirmation_page
929035,payment_confirmation_page
58727,payment_confirmation_page
810435,payment_confirmation_page
752740,payment_confirmation_page
992783,payment_confirmation_page
232693,payment_confirmation_page
365684,payment_confirmation_page
506813,payment_confirmation_page
812396,payment_confirmation_page
753437,payment_confirmation_page
912541,payment_confirmation_page
148198,payment_confirmation_page
375258,payment_confirmation_page
330654,payment_confirmation_page
309874,payment_confirmation_page
827010,payment_confirmation_page
475651,payment_confirmation_page
722801,payment_confirmation_page
521395,payment_confirmation_page
328407,payment_confirmation_page
197344,payment_confirmation_page
200303,payment_confirmation_page
630732,payment_confirmation_page
560265,payment_confirmation_page
623732,payment_confirmation_page
469342,payment_confirmation_page
489088,payment_confirmation_page
943244,payment_confirmation_page
811824,payment_confirmation_page
660417,payment_confirmation_page
26657,payment_confirmation_page
252692,payment_confirmation_page
784968,payment_confirmation_page
923661,payment_confirmation_page
52142,payment_confirmation_page
36120,payment_confirmation_page
640466,payment_confirmation_page
429826,payment_confirmation_page
46412,payment_confirmation_page
990478,payment_confirmation_page
724422,payment_confirmation_page
440109,payment_confirmation_page
523025,payment_confirmation_page
517919,payment_confirmation_page
298402,payment_confirmation_page
425080,payment_confirmation_page
618027,payment_confirmation_page
764736,payment_confirmation_page
333298,payment_confirmation_page
359542,payment_confirmation_page
366573,payment_confirmation_page
947189,payment_confirmation_page
134642,payment_confirmation_page
648677,payment_confirmation_page
87419,payment_confirmation_page
9098,payment_confirmation_page
181960,payment_confirmation_page
200682,payment_confirmation_page
367268,payment_confirmation_page
139757,payment_confirmation_page
964705,payment_confirmation_page
595240,payment_confirmation_page
102178,payment_confirmation_page
281632,payment_confirmation_page
505707,payment_confirmation_page
66337,payment_confirmation_page
524144,payment_confirmation_page
597571,payment_confirmation_page
318371,payment_confirmation_page
534290,payment_confirmation_page
291196,payment_confirmation_page
57263,payment_confirmation_page
463862,payment_confirmation_page
418535,payment_confirmation_page
783979,payment_confirmation_page
698858,payment_confirmation_page
628693,payment_confirmation_page
908566,payment_confirmation_page
222441,payment_confirmation_page
100481,payment_confirmation_page
725693,payment_confirmation_page
593499,payment_confirmation_page
487083,payment_confirmation_page
12244,payment_confirmation_page
855623,payment_confirmation_page
587813,payment_confirmation_page
80258,payment_confirmation_page
254968,payment_confirmation_page
806169,payment_confirmation_page
141241,payment_confirmation_page
264860,payment_confirmation_page
72515,payment_confirmation_page
190938,payment_confirmation_page
230152,payment_confirmation_page
796619,payment_confirmation_page
603802,payment_confirmation_page
723051,payment_confirmation_page
116735,payment_confirmation_page
601633,payment_confirmation_page
236071,payment_confirmation_page
535104,payment_confirmation_page
45878,payment_confirmation_page
369111,payment_confirmation_page
79322,payment_confirmation_page
773516,payment_confirmation_page
180567,payment_confirmation_page
483760,payment_confirmation_page
275402,payment_confirmation_page
782651,payment_confirmation_page
215007,payment_confirmation_page
33585,payment_confirmation_page
805142,payment_confirmation_page
344066,payment_confirmation_page
898540,payment_confirmation_page
676373,payment_confirmation_page
283079,payment_confirmation_page
186095,payment_confirmation_page
484375,payment_confirmation_page
401657,payment_confirmation_page
525793,payment_confirmation_page
262133,payment_confirmation_page
574312,payment_confirmation_page
963106,payment_confirmation_page
695359,payment_confirmation_page
540692,payment_confirmation_page
446887,payment_confirmation_page
252534,payment_confirmation_page
316590,payment_confirmation_page
885963,payment_confirmation_page
108801,payment_confirmation_page
148991,payment_confirmation_page
223493,payment_confirmation_page
308480,payment_confirmation_page
700227,payment_confirmation_page
823296,payment_confirmation_page
861972,payment_confirmation_page
178570,payment_confirmation_page
632101,payment_confirmation_page
831521,payment_confirmation_page
536449,payment_confirmation_page
402505,payment_confirmation_page
926187,payment_confirmation_page
195064,payment_confirmation_page
226370,payment_confirmation_page
292696,payment_confirmation_page
683538,payment_confirmation_page
95167,payment_confirmation_page
194200,payment_confirmation_page
416218,payment_confirmation_page
393528,payment_confirmation_page
440446,payment_confirmation_page
375357,payment_confirmation_page
810795,payment_confirmation_page
420604,payment_confirmation_page
701025,payment_confirmation_page
4496,payment_confirmation_page
590630,payment_confirmation_page
846381,payment_confirmation_page
381850,payment_confirmation_page
276140,payment_confirmation_page
444969,payment_confirmation_page
230341,payment_confirmation_page
481002,payment_confirmation_page
725710,payment_confirmation_page
625629,payment_confirmation_page
592356,payment_confirmation_page
165750,payment_confirmation_page
141862,payment_confirmation_page
982842,payment_confirmation_page
944004,payment_confirmation_page
480498,payment_confirmation_page
598481,payment_confirmation_page
895303,payment_confirmation_page
785528,payment_confirmation_page
318814,payment_confirmation_page
435445,payment_confirmation_page
223089,payment_confirmation_page
127100,payment_confirmation_page
317697,payment_confirmation_page
202460,payment_confirmation_page
875162,payment_confirmation_page
528379,payment_confirmation_page
184699,payment_confirmation_page
720386,payment_confirmation_page
7239,payment_confirmation_page
481215,payment_confirmation_page
545228,payment_confirmation_page
821296,payment_confirmation_page
798178,payment_confirmation_page
90095,payment_confirmation_page
900704,payment_confirmation_page
26408,payment_confirmation_page
428973,payment_confirmation_page
718609,payment_confirmation_page
386740,payment_confirmation_page
751500,payment_confirmation_page
13068,payment_confirmation_page
27371,payment_confirmation_page
481221,payment_confirmation_page
918467,payment_confirmation_page
715821,payment_confirmation_page
320170,payment_confirmation_page
856727,payment_confirmation_page
927336,payment_confirmation_page
953664,payment_confirmation_page
48566,payment_confirmation_page
101928,payment_confirmation_page
478525,payment_confirmation_page
126569,payment_confirmation_page
991802,payment_confirmation_page
842484,payment_confirmation_page
97634,payment_confirmation_page
538920,payment_confirmation_page
428095,payment_confirmation_page
851446,payment_confirmation_page
644051,payment_confirmation_page
466106,payment_confirmation_page
24140,payment_confirmation_page
298235,payment_confirmation_page
877338,payment_confirmation_page
959075,payment_confirmation_page
908369,payment_confirmation_page
141771,payment_confirmation_page
777717,payment_confirmation_page
848614,payment_confirmation_page
256060,payment_confirmation_page
592803,payment_confirmation_page
926844,payment_confirmation_page
291323,payment_confirmation_page
459925,payment_confirmation_page
611990,payment_confirmation_page
96651,payment_confirmation_page
767449,payment_confirmation_page
85495,payment_confirmation_page
461022,payment_confirmation_page
38807,payment_confirmation_page
82278,payment_confirmation_page
990313,payment_confirmation_page
705323,payment_confirmation_page
577079,payment_confirmation_page
213789,payment_confirmation_page
778012,payment_confirmation_page
765366,payment_confirmation_page
50379,payment_confirmation_page
566101,payment_confirmation_page
882979,payment_confirmation_page
764521,payment_confirmation_page
777710,payment_confirmation_page
59415,payment_confirmation_page
586512,payment_confirmation_page
44739,payment_confirmation_page
919160,payment_confirmation_page
35068,payment_confirmation_page
952358,payment_confirmation_page
557119,payment_confirmation_page
641175,payment_confirmation_page
541619,payment_confirmation_page
938660,payment_confirmation_page
190347,payment_confirmation_page
154121,payment_confirmation_page
321084,payment_confirmation_page
310361,payment_confirmation_page
41672,payment_confirmation_page
935417,payment_confirmation_page
983574,payment_confirmation_page
544654,payment_confirmation_page
334010,payment_confirmation_page
556291,payment_confirmation_page
168567,payment_confirmation_page
129161,payment_confirmation_page
832146,payment_confirmation_page
888784,payment_confirmation_page
288695,payment_confirmation_page
443539,payment_confirmation_page
746044,payment_confirmation_page
235592,payment_confirmation_page
936059,payment_confirmation_page
270046,payment_confirmation_page
866085,payment_confirmation_page
711914,payment_confirmation_page
55452,payment_confirmation_page
41847,payment_confirmation_page
572137,payment_confirmation_page
912010,payment_confirmation_page
307943,payment_confirmation_page
242620,payment_confirmation_page
994067,payment_confirmation_page
891676,payment_confirmation_page
263336,payment_confirmation_page
812658,payment_confirmation_page
628721,payment_confirmation_page
396592,payment_confirmation_page
317936,payment_confirmation_page
650279,payment_confirmation_page
725866,payment_confirmation_page
504573,payment_confirmation_page
529095,payment_confirmation_page
691049,payment_confirmation_page
792677,payment_confirmation_page
658145,payment_confirmation_page
351604,payment_confirmation_page
470181,payment_confirmation_page
237139,payment_confirmation_page
286007,payment_confirmation_page
886103,payment_confirmation_page
759322,payment_confirmation_page
56327,payment_confirmation_page
923616,payment_confirmation_page
454034,payment_confirmation_page
261244,payment_confirmation_page
908542,payment_confirmation_page
579138,payment_confirmation_page
722999,payment_confirmation_page
957073,payment_confirmation_page
959427,payment_confirmation_page
911577,payment_confirmation_page
878969,payment_confirmation_page
98813,payment_confirmation_page
466335,payment_confirmation_page
56148,payment_confirmation_page
632179,payment_confirmation_page
52378,payment_confirmation_page
406350,payment_confirmation_page
404423,payment_confirmation_page
143790,payment_confirmation_page
867975,payment_confirmation_page
802578,payment_confirmation_page
534646,payment_confirmation_page
70644,payment_confirmation_page
222747,payment_confirmation_page
265543,payment_confirmation_page
918694,payment_confirmation_page
413891,payment_confirmation_page
668864,payment_confirmation_page
148592,payment_confirmation_page
351825,payment_confirmation_page
414775,payment_confirmation_page
233859,payment_confirmation_page
684888,payment_confirmation_page
502372,payment_confirmation_page
409231,payment_confirmation_page
645818,payment_confirmation_page
642588,payment_confirmation_page
573246,payment_confirmation_page
169222,payment_confirmation_page
242941,payment_confirmation_page
923591,payment_confirmation_page
938754,payment_confirmation_page
453002,payment_confirmation_page
787379,payment_confirmation_page
894923,payment_confirmation_page
63608,payment_confirmation_page
282167,payment_confirmation_page
517352,payment_confirmation_page
950742,payment_confirmation_page
244469,payment_confirmation_page
913587,payment_confirmation_page
552733,payment_confirmation_page
545462,payment_confirmation_page
754151,payment_confirmation_page
904816,payment_confirmation_page
863759,payment_confirmation_page
875350,payment_confirmation_page
112065,payment_confirmation_page
677830,payment_confirmation_page
735527,payment_confirmation_page
608238,payment_confirmation_page
648758,payment_confirmation_page
573756,payment_confirmation_page
761880,payment_confirmation_page
145478,payment_confirmation_page
253709,payment_confirmation_page
864534,payment_confirmation_page
582439,payment_confirmation_page
682425,payment_confirmation_page
290207,payment_confirmation_page
758088,payment_confirmation_page
69822,payment_confirmation_page
842239,payment_confirmation_page
759416,payment_confirmation_page
328212,payment_confirmation_page
267300,payment_confirmation_page
195052,payment_confirmation_page
393584,payment_confirmation_page
625031,payment_confirmation_page
465498,payment_confirmation_page
502144,payment_confirmation_page
676204,payment_confirmation_page
325236,payment_confirmation_page
76737,payment_confirmation_page
349261,payment_confirmation_page
808558,payment_confirmation_page
861451,payment_confirmation_page
664261,payment_confirmation_page
964923,payment_confirmation_page
313984,payment_confirmation_page
63625,payment_confirmation_page
830590,payment_confirmation_page
541670,payment_confirmation_page
443281,payment_confirmation_page
925296,payment_confirmation_page
938890,payment_confirmation_page
43800,payment_confirmation_page
850714,payment_confirmation_page
225271,payment_confirmation_page
978467,payment_confirmation_page
302820,payment_confirmation_page
494597,payment_confirmation_page
93210,payment_confirmation_page
71315,payment_confirmation_page
676559,payment_confirmation_page
360340,payment_confirmation_page
612338,payment_confirmation_page
703062,payment_confirmation_page
266616,payment_confirmation_page
233763,payment_confirmation_page
851730,payment_confirmation_page
617087,payment_confirmation_page
23106,payment_confirmation_page
203713,payment_confirmation_page
727207,payment_confirmation_page
91889,payment_confirmation_page
155766,payment_confirmation_page
334471,payment_confirmation_page
153299,payment_confirmation_page
533617,payment_confirmation_page
508601,payment_confirmation_page
661387,payment_confirmation_page
580163,payment_confirmation_page
619061,payment_confirmation_page
435383,payment_confirmation_page
809489,payment_confirmation_page
499516,payment_confirmation_page
503566,payment_confirmation_page
16998,payment_confirmation_page
856505,payment_confirmation_page
904713,payment_confirmation_page
399768,payment_confirmation_page
240822,payment_confirmation_page
530726,payment_confirmation_page
707705,payment_confirmation_page
838832,payment_confirmation_page
21527,payment_confirmation_page
494746,payment_confirmation_page
144779,payment_confirmation_page
790636,payment_confirmation_page
569952,payment_confirmation_page
290298,payment_confirmation_page
259818,payment_confirmation_page
722595,payment_confirmation_page
434627,payment_confirmation_page
432084,payment_confirmation_page
24593,payment_confirmation_page
711572,payment_confirmation_page
598312,payment_confirmation_page
312537,payment_confirmation_page
126026,payment_confirmation_page
242378,payment_confirmation_page
272619,payment_confirmation_page
858430,payment_confirmation_page
514432,payment_confirmation_page
132397,payment_confirmation_page
97770,payment_confirmation_page
53482,payment_confirmation_page
52553,payment_confirmation_page
888500,payment_confirmation_page
812168,payment_confirmation_page
826679,payment_confirmation_page
64280,payment_confirmation_page
603783,payment_confirmation_page
496496,payment_confirmation_page
663927,payment_confirmation_page
497899,payment_confirmation_page
860493,payment_confirmation_page
588871,payment_confirmation_page
709529,payment_confirmation_page
811361,payment_confirmation_page
224580,payment_confirmation_page
970731,payment_confirmation_page
311479,payment_confirmation_page
126994,payment_confirmation_page
644839,payment_confirmation_page
712723,payment_confirmation_page
303736,payment_confirmation_page
742156,payment_confirmation_page
452038,payment_confirmation_page
32983,payment_confirmation_page
497358,payment_confirmation_page
261068,payment_confirmation_page
886310,payment_confirmation_page
700821,payment_confirmation_page
88745,payment_confirmation_page
623011,payment_confirmation_page
979797,payment_confirmation_page
794134,payment_confirmation_page
306722,payment_confirmation_page
378884,payment_confirmation_page
513004,payment_confirmation_page
18767,payment_confirmation_page
549273,payment_confirmation_page
706245,payment_confirmation_page
942264,payment_confirmation_page
552139,payment_confirmation_page
110547,payment_confirmation_page
167776,payment_confirmation_page
900003,payment_confirmation_page
627490,payment_confirmation_page
385511,payment_confirmation_page
598195,payment_confirmation_page
524406,payment_confirmation_page
291173,payment_confirmation_page
639103,payment_confirmation_page
484234,payment_confirmation_page
196422,payment_confirmation_page
302165,payment_confirmation_page
534971,payment_confirmation_page
468412,payment_confirmation_page
138972,payment_confirmation_page
691287,payment_confirmation_page
895164,payment_confirmation_page
953779,payment_confirmation_page
729835,payment_confirmation_page
477067,payment_confirmation_page
693923,payment_confirmation_page
438761,payment_confirmation_page
958712,payment_confirmation_page
594614,payment_confirmation_page
173606,payment_confirmation_page
474709,payment_confirmation_page
38881,payment_confirmation_page
776066,payment_confirmation_page
245266,payment_confirmation_page
157184,payment_confirmation_page
563788,payment_confirmation_page
263166,payment_confirmation_page
514485,payment_confirmation_page
362908,payment_confirmation_page
794563,payment_confirmation_page
937634,payment_confirmation_page
275308,payment_confirmation_page
473271,payment_confirmation_page
64412,payment_confirmation_page
32091,payment_confirmation_page
925565,payment_confirmation_page
214875,payment_confirmation_page
250932,payment_confirmation_page
654808,payment_confirmation_page
708383,payment_confirmation_page
573943,payment_confirmation_page
829501,payment_confirmation_page
239881,payment_confirmation_page
131290,payment_confirmation_page
46019,payment_confirmation_page
675491,payment_confirmation_page
414645,payment_confirmation_page
398234,payment_confirmation_page
240317,payment_confirmation_page
382467,payment_confirmation_page
739972,payment_confirmation_page
566635,payment_confirmation_page
513987,payment_confirmation_page
697149,payment_confirmation_page
150589,payment_confirmation_page
684035,payment_confirmation_page
113284,payment_confirmation_page
759547,payment_confirmation_page
417082,payment_confirmation_page
589176,payment_confirmation_page
780348,payment_confirmation_page
855598,payment_confirmation_page
830896,payment_confirmation_page
312727,payment_confirmation_page
919619,payment_confirmation_page
12708,payment_confirmation_page
981434,payment_confirmation_page
359910,payment_confirmation_page
247158,payment_confirmation_page
91367,payment_confirmation_page
266049,payment_confirmation_page
134044,payment_confirmation_page
807318,payment_confirmation_page
223666,payment_confirmation_page
9649,payment_confirmation_page
637218,payment_confirmation_page
307455,payment_confirmation_page
39669,payment_confirmation_page
7110,payment_confirmation_page
908623,payment_confirmation_page
482131,payment_confirmation_page
804180,payment_confirmation_page
268688,payment_confirmation_page
189658,payment_confirmation_page
306209,payment_confirmation_page
10810,payment_confirmation_page
1968,payment_confirmation_page
551574,payment_confirmation_page
270606,payment_confirmation_page
545495,payment_confirmation_page
573430,payment_confirmation_page
837534,payment_confirmation_page
480570,payment_confirmation_page
35385,payment_confirmation_page
25520,payment_confirmation_page
252787,payment_confirmation_page
503840,payment_confirmation_page
292108,payment_confirmation_page
445234,payment_confirmation_page
913617,payment_confirmation_page
446717,payment_confirmation_page
896760,payment_confirmation_page
995868,payment_confirmation_page
710506,payment_confirmation_page
17301,payment_confirmation_page
743725,payment_confirmation_page
553067,payment_confirmation_page
232257,payment_confirmation_page
916434,payment_confirmation_page
324903,payment_confirmation_page
611792,payment_confirmation_page
683700,payment_confirmation_page
869821,payment_confirmation_page
455754,payment_confirmation_page
201083,payment_confirmation_page
33103,payment_confirmation_page
418211,payment_confirmation_page
467597,payment_confirmation_page
643910,payment_confirmation_page
722700,payment_confirmation_page
573493,payment_confirmation_page
80696,payment_confirmation_page
445118,payment_confirmation_page
108408,payment_confirmation_page
22295,payment_confirmation_page
710925,payment_confirmation_page
91486,payment_confirmation_page
516292,payment_confirmation_page
480253,payment_confirmation_page
102957,payment_confirmation_page
966426,payment_confirmation_page
246106,payment_confirmation_page
97995,payment_confirmation_page
718350,payment_confirmation_page
475303,payment_confirmation_page
437647,payment_confirmation_page
543818,payment_confirmation_page
425112,payment_confirmation_page
315184,payment_confirmation_page
767878,payment_confirmation_page
279972,payment_confirmation_page
591078,payment_confirmation_page
676257,payment_confirmation_page
383694,payment_confirmation_page
297096,payment_confirmation_page
723350,payment_confirmation_page
827473,payment_confirmation_page
207369,payment_confirmation_page
611679,payment_confirmation_page
430186,payment_confirmation_page
340952,payment_confirmation_page
314942,payment_confirmation_page
466145,payment_confirmation_page
433508,payment_confirmation_page
8175,payment_confirmation_page
112871,payment_confirmation_page
503481,payment_confirmation_page
368378,payment_confirmation_page
128291,payment_confirmation_page
782272,payment_confirmation_page
442185,payment_confirmation_page
908319,payment_confirmation_page
849727,payment_confirmation_page
380011,payment_confirmation_page
903325,payment_confirmation_page
25297,payment_confirmation_page
639727,payment_confirmation_page
630600,payment_confirmation_page
957230,payment_confirmation_page
143580,payment_confirmation_page
578539,payment_confirmation_page
460850,payment_confirmation_page
257775,payment_confirmation_page
234804,payment_confirmation_page
227898,payment_confirmation_page
132988,payment_confirmation_page
338566,payment_confirmation_page
723027,payment_confirmation_page
128590,payment_confirmation_page
215298,payment_confirmation_page
436473,payment_confirmation_page
687926,payment_confirmation_page
651472,payment_confirmation_page
604008,payment_confirmation_page
340605,payment_confirmation_page
479491,payment_confirmation_page
849696,payment_confirmation_page
171573,payment_confirmation_page
301935,payment_confirmation_page
244509,payment_confirmation_page
491661,payment_confirmation_page
973315,payment_confirmation_page
337355,payment_confirmation_page
819967,payment_confirmation_page
218126,payment_confirmation_page
234322,payment_confirmation_page
651838,payment_confirmation_page
39255,payment_confirmation_page
291299,payment_confirmation_page
256757,payment_confirmation_page
584084,payment_confirmation_page
247178,payment_confirmation_page
932762,payment_confirmation_page
203802,payment_confirmation_page
341124,payment_confirmation_page
319176,payment_confirmation_page
935759,payment_confirmation_page
654196,payment_confirmation_page
269761,payment_confirmation_page
213040,payment_confirmation_page
457786,payment_confirmation_page
777806,payment_confirmation_page
65581,payment_confirmation_page
865128,payment_confirmation_page
890706,payment_confirmation_page
152002,payment_confirmation_page
802534,payment_confirmation_page
220068,payment_confirmation_page
402540,payment_confirmation_page
310501,payment_confirmation_page
13989,payment_confirmation_page
582507,payment_confirmation_page
989429,payment_confirmation_page
935892,payment_confirmation_page
407068,payment_confirmation_page
121685,payment_confirmation_page
71491,payment_confirmation_page
151824,payment_confirmation_page
139150,payment_confirmation_page
793224,payment_confirmation_page
45142,payment_confirmation_page
460510,payment_confirmation_page
795191,payment_confirmation_page
971144,payment_confirmation_page
421517,payment_confirmation_page
355223,payment_confirmation_page
435080,payment_confirmation_page
932463,payment_confirmation_page
652470,payment_confirmation_page
167347,payment_confirmation_page
852112,payment_confirmation_page
466743,payment_confirmation_page
276194,payment_confirmation_page
153328,payment_confirmation_page
945919,payment_confirmation_page
622869,payment_confirmation_page
622472,payment_confirmation_page
101175,payment_confirmation_page
492404,payment_confirmation_page
959739,payment_confirmation_page
515874,payment_confirmation_page
42243,payment_confirmation_page
968676,payment_confirmation_page
128827,payment_confirmation_page
248261,payment_confirmation_page
86460,payment_confirmation_page
481678,payment_confirmation_page
855793,payment_confirmation_page
404200,payment_confirmation_page
762690,payment_confirmation_page
344676,payment_confirmation_page
994235,payment_confirmation_page
376376,payment_confirmation_page
724505,payment_confirmation_page
207772,payment_confirmation_page
444328,payment_confirmation_page
238927,payment_confirmation_page
748616,payment_confirmation_page
310077,payment_confirmation_page
26414,payment_confirmation_page
296440,payment_confirmation_page
677806,payment_confirmation_page
765431,payment_confirmation_page
654348,payment_confirmation_page
837364,payment_confirmation_page
264160,payment_confirmation_page
293678,payment_confirmation_page
697141,payment_confirmation_page
726624,payment_confirmation_page
374218,payment_confirmation_page
799493,payment_confirmation_page
294238,payment_confirmation_page
550182,payment_confirmation_page
570411,payment_confirmation_page
725781,payment_confirmation_page
619930,payment_confirmation_page
483821,payment_confirmation_page
497592,payment_confirmation_page
376486,payment_confirmation_page
931772,payment_confirmation_page
489216,payment_confirmation_page
128057,payment_confirmation_page
497969,payment_confirmation_page
239853,payment_confirmation_page
212021,payment_confirmation_page
555326,payment_confirmation_page
112117,payment_confirmation_page
374057,payment_confirmation_page
877607,payment_confirmation_page
504719,payment_confirmation_page
840704,payment_confirmation_page
270547,payment_confirmation_page
800000,payment_confirmation_page
221941,payment_confirmation_page
123095,payment_confirmation_page
1728,payment_confirmation_page
531732,payment_confirmation_page
29460,payment_confirmation_page
128337,payment_confirmation_page
742088,payment_confirmation_page
414784,payment_confirmation_page
453671,payment_confirmation_page
529934,payment_confirmation_page
774683,payment_confirmation_page
817293,payment_confirmation_page
59763,payment_confirmation_page
783294,payment_confirmation_page
854191,payment_confirmation_page
470846,payment_confirmation_page
428917,payment_confirmation_page
318124,payment_confirmation_page
552063,payment_confirmation_page
753169,payment_confirmation_page
259736,payment_confirmation_page
403939,payment_confirmation_page
867219,payment_confirmation_page
117649,payment_confirmation_page
693084,payment_confirmation_page
366251,payment_confirmation_page
127626,payment_confirmation_page
27816,payment_confirmation_page
479315,payment_confirmation_page
525598,payment_confirmation_page
655591,payment_confirmation_page
165363,payment_confirmation_page
29611,payment_confirmation_page
851061,payment_confirmation_page
977036,payment_confirmation_page
971212,payment_confirmation_page
151886,payment_confirmation_page
808914,payment_confirmation_page
882388,payment_confirmation_page
403470,payment_confirmation_page
472034,payment_confirmation_page
235280,payment_confirmation_page
816697,payment_confirmation_page
805725,payment_confirmation_page
134365,payment_confirmation_page
156405,payment_confirmation_page
831626,payment_confirmation_page
701839,payment_confirmation_page
109442,payment_confirmation_page
296621,payment_confirmation_page
803927,payment_confirmation_page
292590,payment_confirmation_page
510884,payment_confirmation_page
925776,payment_confirmation_page
667668,payment_confirmation_page
601967,payment_confirmation_page
689743,payment_confirmation_page
428381,payment_confirmation_page
217410,payment_confirmation_page
335895,payment_confirmation_page
561538,payment_confirmation_page
654591,payment_confirmation_page
188589,payment_confirmation_page
18899,payment_confirmation_page
263883,payment_confirmation_page
930023,payment_confirmation_page
744033,payment_confirmation_page
896441,payment_confirmation_page
825530,payment_confirmation_page
956049,payment_confirmation_page
813669,payment_confirmation_page
268972,payment_confirmation_page
779569,payment_confirmation_page
988979,payment_confirmation_page
506123,payment_confirmation_page
204679,payment_confirmation_page
53032,payment_confirmation_page
364112,payment_confirmation_page
848568,payment_confirmation_page
223223,payment_confirmation_page
92890,payment_confirmation_page
923889,payment_confirmation_page
716873,payment_confirmation_page
291921,payment_confirmation_page
203696,payment_confirmation_page
737761,payment_confirmation_page
574470,payment_confirmation_page
400634,payment_confirmation_page
910293,payment_confirmation_page
935464,payment_confirmation_page
252247,payment_confirmation_page
264006,payment_confirmation_page
202139,payment_confirmation_page
936343,payment_confirmation_page
352418,payment_confirmation_page
180761,payment_confirmation_page
594097,payment_confirmation_page
721699,payment_confirmation_page
895327,payment_confirmation_page
948139,payment_confirmation_page
194559,payment_confirmation_page
580584,payment_confirmation_page
345199,payment_confirmation_page
528927,payment_confirmation_page
215189,payment_confirmation_page
994767,payment_confirmation_page
15181,payment_confirmation_page
56524,payment_confirmation_page
720149,payment_confirmation_page
113883,payment_confirmation_page
436081,payment_confirmation_page
978057,payment_confirmation_page
800627,payment_confirmation_page
367391,payment_confirmation_page
239265,payment_confirmation_page
149802,payment_confirmation_page
890344,payment_confirmation_page
636049,payment_confirmation_page
631792,payment_confirmation_page
184291,payment_confirmation_page
649067,payment_confirmation_page
68489,payment_confirmation_page
904726,payment_confirmation_page
512819,payment_confirmation_page
707414,payment_confirmation_page
235975,payment_confirmation_page
573137,payment_confirmation_page
842231,payment_confirmation_page
551067,payment_confirmation_page
897556,payment_confirmation_page
797883,payment_confirmation_page
568394,payment_confirmation_page
806794,payment_confirmation_page
475205,payment_confirmation_page
402750,payment_confirmation_page
358507,payment_confirmation_page
308820,payment_confirmation_page
433194,payment_confirmation_page
679027,payment_confirmation_page
881498,payment_confirmation_page
547065,payment_confirmation_page
587230,payment_confirmation_page
891064,payment_confirmation_page
466191,payment_confirmation_page
921080,payment_confirmation_page
852328,payment_confirmation_page
140587,payment_confirmation_page
902055,payment_confirmation_page
78381,payment_confirmation_page
330961,payment_confirmation_page
905464,payment_confirmation_page
643743,payment_confirmation_page
975013,payment_confirmation_page
137788,payment_confirmation_page
215465,payment_confirmation_page
843636,payment_confirmation_page
982064,payment_confirmation_page
378691,payment_confirmation_page
115926,payment_confirmation_page
502494,payment_confirmation_page
569891,payment_confirmation_page
555909,payment_confirmation_page
236133,payment_confirmation_page
685357,payment_confirmation_page
542576,payment_confirmation_page
332949,payment_confirmation_page
369854,payment_confirmation_page
419360,payment_confirmation_page
473259,payment_confirmation_page
923032,payment_confirmation_page
989653,payment_confirmation_page
188330,payment_confirmation_page
573224,payment_confirmation_page
677286,payment_confirmation_page
679284,payment_confirmation_page
88715,payment_confirmation_page
395394,payment_confirmation_page
957712,payment_confirmation_page
942120,payment_confirmation_page
737797,payment_confirmation_page
471698,payment_confirmation_page
80817,payment_confirmation_page
540746,payment_confirmation_page
495056,payment_confirmation_page
340036,payment_confirmation_page
25257,payment_confirmation_page
61716,payment_confirmation_page
840018,payment_confirmation_page
503853,payment_confirmation_page
826424,payment_confirmation_page
303411,payment_confirmation_page
665106,payment_confirmation_page
188333,payment_confirmation_page
506199,payment_confirmation_page
280615,payment_confirmation_page
790063,payment_confirmation_page
588190,payment_confirmation_page
292430,payment_confirmation_page
144822,payment_confirmation_page
677818,payment_confirmation_page
955956,payment_confirmation_page
766108,payment_confirmation_page
127172,payment_confirmation_page
709297,payment_confirmation_page
804081,payment_confirmation_page
13706,payment_confirmation_page
787264,payment_confirmation_page
133521,payment_confirmation_page
495595,payment_confirmation_page
371026,payment_confirmation_page
824806,payment_confirmation_page
42062,payment_confirmation_page
676818,payment_confirmation_page
483261,payment_confirmation_page
275406,payment_confirmation_page
26521,payment_confirmation_page
757435,payment_confirmation_page
277227,payment_confirmation_page
10297,payment_confirmation_page
483683,payment_confirmation_page
67917,payment_confirmation_page
603009,payment_confirmation_page
438964,payment_confirmation_page
974757,payment_confirmation_page
727139,payment_confirmation_page
820958,payment_confirmation_page
434793,payment_confirmation_page
624235,payment_confirmation_page
442861,payment_confirmation_page
288331,payment_confirmation_page
871428,payment_confirmation_page
73371,payment_confirmation_page
933422,payment_confirmation_page
529948,payment_confirmation_page
813352,payment_confirmation_page
687244,payment_confirmation_page
774477,payment_confirmation_page
482866,payment_confirmation_page
286003,payment_confirmation_page
139411,payment_confirmation_page
121251,payment_confirmation_page
483593,payment_confirmation_page
624755,payment_confirmation_page
648879,payment_confirmation_page
574126,payment_confirmation_page
347764,payment_confirmation_page
48496,payment_confirmation_page
196940,payment_confirmation_page
877147,payment_confirmation_page
590292,payment_confirmation_page
97464,payment_confirmation_page
792167,payment_confirmation_page
90686,payment_confirmation_page
809860,payment_confirmation_page
318911,payment_confirmation_page
716413,payment_confirmation_page
701721,payment_confirmation_page
721057,payment_confirmation_page
843396,payment_confirmation_page
338281,payment_confirmation_page
212159,payment_confirmation_page
100159,payment_confirmation_page
20826,payment_confirmation_page
579314,payment_confirmation_page
88648,payment_confirmation_page
540111,payment_confirmation_page
350299,payment_confirmation_page
69346,payment_confirmation_page
526173,payment_confirmation_page
468428,payment_confirmation_page
850566,payment_confirmation_page
247913,payment_confirmation_page
470638,payment_confirmation_page
614922,payment_confirmation_page
600424,payment_confirmation_page
270135,payment_confirmation_page
751439,payment_confirmation_page
687594,payment_confirmation_page
652914,payment_confirmation_page
343014,payment_confirmation_page
716429,payment_confirmation_page
577038,payment_confirmation_page
844849,payment_confirmation_page
907175,payment_confirmation_page
122141,payment_confirmation_page
694053,payment_confirmation_page
525504,payment_confirmation_page
320262,payment_confirmation_page
675084,payment_confirmation_page
965576,payment_confirmation_page
618934,payment_confirmation_page
746202,payment_confirmation_page
652147,payment_confirmation_page
9392,payment_confirmation_page
681435,payment_confirmation_page
902843,payment_confirmation_page
467570,payment_confirmation_page
673326,payment_confirmation_page
217866,payment_confirmation_page
690641,payment_confirmation_page
855646,payment_confirmation_page
712633,payment_confirmation_page
200749,payment_confirmation_page
102540,payment_confirmation_page
68413,payment_confirmation_page
576138,payment_confirmation_page
186487,payment_confirmation_page
695086,payment_confirmation_page
933637,payment_confirmation_page
10683,payment_confirmation_page
557642,payment_confirmation_page
72572,payment_confirmation_page
37391,payment_confirmation_page
407846,payment_confirmation_page
273964,payment_confirmation_page
684960,payment_confirmation_page
672634,payment_confirmation_page
696785,payment_confirmation_page
660709,payment_confirmation_page
971711,payment_confirmation_page
416778,payment_confirmation_page
87197,payment_confirmation_page
162429,payment_confirmation_page
511511,payment_confirmation_page
370729,payment_confirmation_page
649361,payment_confirmation_page
546702,payment_confirmation_page
741372,payment_confirmation_page
393715,payment_confirmation_page
488432,payment_confirmation_page
708643,payment_confirmation_page
586366,payment_confirmation_page
393984,payment_confirmation_page
4232,payment_confirmation_page
719151,payment_confirmation_page
377557,payment_confirmation_page
84143,payment_confirmation_page
96423,payment_confirmation_page
22738,payment_confirmation_page
927171,payment_confirmation_page
534805,payment_confirmation_page
819391,payment_confirmation_page
373993,payment_confirmation_page
70152,payment_confirmation_page
967908,payment_confirmation_page
679037,payment_confirmation_page
767511,payment_confirmation_page
859464,payment_confirmation_page
728266,payment_confirmation_page
524443,payment_confirmation_page
775065,payment_confirmation_page
206099,payment_confirmation_page
214176,payment_confirmation_page
109663,payment_confirmation_page
35443,payment_confirmation_page
976657,payment_confirmation_page
382931,payment_confirmation_page
650874,payment_confirmation_page
792301,payment_confirmation_page
881026,payment_confirmation_page
220597,payment_confirmation_page
782857,payment_confirmation_page
771040,payment_confirmation_page
17953,payment_confirmation_page
627560,payment_confirmation_page
946829,payment_confirmation_page
365674,payment_confirmation_page
654999,payment_confirmation_page
736618,payment_confirmation_page
792870,payment_confirmation_page
226502,payment_confirmation_page
185809,payment_confirmation_page
683664,payment_confirmation_page
799212,payment_confirmation_page
919485,payment_confirmation_page
388198,payment_confirmation_page
325136,payment_confirmation_page
899287,payment_confirmation_page
109461,payment_confirmation_page
232071,payment_confirmation_page
873286,payment_confirmation_page
515195,payment_confirmation_page
512243,payment_confirmation_page
982992,payment_confirmation_page
164856,payment_confirmation_page
847497,payment_confirmation_page
630859,payment_confirmation_page
130733,payment_confirmation_page
926961,payment_confirmation_page
985395,payment_confirmation_page
203242,payment_confirmation_page
956652,payment_confirmation_page
27362,payment_confirmation_page
559760,payment_confirmation_page
376523,payment_confirmation_page
584725,payment_confirmation_page
728588,payment_confirmation_page
848899,payment_confirmation_page
700568,payment_confirmation_page
882782,payment_confirmation_page
826376,payment_confirmation_page
830667,payment_confirmation_page
283237,payment_confirmation_page
745604,payment_confirmation_page
548933,payment_confirmation_page
890715,payment_confirmation_page
884194,payment_confirmation_page
953909,payment_confirmation_page
305354,payment_confirmation_page
308883,payment_confirmation_page
106764,payment_confirmation_page
36778,payment_confirmation_page
109905,payment_confirmation_page
688251,payment_confirmation_page
484620,payment_confirmation_page
119275,payment_confirmation_page
66406,payment_confirmation_page
734619,payment_confirmation_page
958463,payment_confirmation_page
416558,payment_confirmation_page
838723,payment_confirmation_page
686018,payment_confirmation_page
746666,payment_confirmation_page
709255,payment_confirmation_page
689704,payment_confirmation_page
354866,payment_confirmation_page
850577,payment_confirmation_page
405931,payment_confirmation_page
405856,payment_confirmation_page
841057,payment_confirmation_page
744614,payment_confirmation_page
357927,payment_confirmation_page
757074,payment_confirmation_page
866570,payment_confirmation_page
784892,payment_confirmation_page
72944,payment_confirmation_page
483384,payment_confirmation_page
95652,payment_confirmation_page
596302,payment_confirmation_page
403406,payment_confirmation_page
702068,payment_confirmation_page
878307,payment_confirmation_page
968828,payment_confirmation_page
857461,payment_confirmation_page
940876,payment_confirmation_page
624801,payment_confirmation_page
915896,payment_confirmation_page
903150,payment_confirmation_page
88505,payment_confirmation_page
422831,payment_confirmation_page
395500,payment_confirmation_page
898507,payment_confirmation_page
853373,payment_confirmation_page
77910,payment_confirmation_page
979961,payment_confirmation_page
58300,payment_confirmation_page
52560,payment_confirmation_page
797513,payment_confirmation_page
345050,payment_confirmation_page
708236,payment_confirmation_page
353806,payment_confirmation_page
133964,payment_confirmation_page
733177,payment_confirmation_page
247688,payment_confirmation_page
680824,payment_confirmation_page
411373,payment_confirmation_page
311969,payment_confirmation_page
331308,payment_confirmation_page
714996,payment_confirmation_page
907399,payment_confirmation_page
779950,payment_confirmation_page
470106,payment_confirmation_page
222746,payment_confirmation_page
340191,payment_confirmation_page
506849,payment_confirmation_page
58170,payment_confirmation_page
869364,payment_confirmation_page
564032,payment_confirmation_page
584278,payment_confirmation_page
527814,payment_confirmation_page
645505,payment_confirmation_page
917513,payment_confirmation_page
152725,payment_confirmation_page
273197,payment_confirmation_page
68931,payment_confirmation_page
574885,payment_confirmation_page
826544,payment_confirmation_page
851457,payment_confirmation_page
265658,payment_confirmation_page
593138,payment_confirmation_page
326677,payment_confirmation_page
292472,payment_confirmation_page
71172,payment_confirmation_page
363498,payment_confirmation_page
39015,payment_confirmation_page
320308,payment_confirmation_page
241709,payment_confirmation_page
257075,payment_confirmation_page
943499,payment_confirmation_page
72352,payment_confirmation_page
409975,payment_confirmation_page
460576,payment_confirmation_page
20410,payment_confirmation_page
383272,payment_confirmation_page
897255,payment_confirmation_page
499021,payment_confirmation_page
899118,payment_confirmation_page
556805,payment_confirmation_page
412822,payment_confirmation_page
909255,payment_confirmation_page
979137,payment_confirmation_page
145048,payment_confirmation_page
336874,payment_confirmation_page
245502,payment_confirmation_page
362044,payment_confirmation_page
281354,payment_confirmation_page
903857,payment_confirmation_page
46885,payment_confirmation_page
826834,payment_confirmation_page
691274,payment_confirmation_page
901267,payment_confirmation_page
690263,payment_confirmation_page
5884,payment_confirmation_page
160137,payment_confirmation_page
415406,payment_confirmation_page
467384,payment_confirmation_page
63478,payment_confirmation_page
747159,payment_confirmation_page
163518,payment_confirmation_page
885060,payment_confirmation_page
518034,payment_confirmation_page
852391,payment_confirmation_page
268792,payment_confirmation_page
160401,payment_confirmation_page
196902,payment_confirmation_page
843357,payment_confirmation_page
843723,payment_confirmation_page
350247,payment_confirmation_page
790034,payment_confirmation_page
675258,payment_confirmation_page
216276,payment_confirmation_page
928340,payment_confirmation_page
723372,payment_confirmation_page
582933,payment_confirmation_page
835416,payment_confirmation_page
19855,payment_confirmation_page
816787,payment_confirmation_page
426851,payment_confirmation_page
627369,payment_confirmation_page
373518,payment_confirmation_page
358226,payment_confirmation_page
628660,payment_confirmation_page
743042,payment_confirmation_page
642209,payment_confirmation_page
126531,payment_confirmation_page
901176,payment_confirmation_page
379581,payment_confirmation_page
936346,payment_confirmation_page
924701,payment_confirmation_page
340167,payment_confirmation_page
672220,payment_confirmation_page
221830,payment_confirmation_page
359850,payment_confirmation_page
113580,payment_confirmation_page
927347,payment_confirmation_page
428806,payment_confirmation_page
552196,payment_confirmation_page
51882,payment_confirmation_page
11332,payment_confirmation_page
865414,payment_confirmation_page
383880,payment_confirmation_page
592287,payment_confirmation_page
345715,payment_confirmation_page
779484,payment_confirmation_page
183219,payment_confirmation_page
726646,payment_confirmation_page
612963,payment_confirmation_page
959458,payment_confirmation_page
847299,payment_confirmation_page
923746,payment_confirmation_page
172123,payment_confirmation_page
836673,payment_confirmation_page
719493,payment_confirmation_page
828820,payment_confirmation_page
4160,payment_confirmation_page
211983,payment_confirmation_page
540485,payment_confirmation_page
658775,payment_confirmation_page
883112,payment_confirmation_page
257397,payment_confirmation_page
664013,payment_confirmation_page
467375,payment_confirmation_page
659905,payment_confirmation_page
2284,payment_confirmation_page
934670,payment_confirmation_page
459344,payment_confirmation_page
658034,payment_confirmation_page
161558,payment_confirmation_page
30482,payment_confirmation_page
257083,payment_confirmation_page
361389,payment_confirmation_page
18317,payment_confirmation_page
421332,payment_confirmation_page
115735,payment_confirmation_page
307981,payment_confirmation_page
171265,payment_confirmation_page
292488,payment_confirmation_page
866781,payment_confirmation_page
392784,payment_confirmation_page
697915,payment_confirmation_page
224373,payment_confirmation_page
78885,payment_confirmation_page
609145,payment_confirmation_page
100279,payment_confirmation_page
385027,payment_confirmation_page
557718,payment_confirmation_page
886886,payment_confirmation_page
319180,payment_confirmation_page
806139,payment_confirmation_page
799354,payment_confirmation_page
765463,payment_confirmation_page
922068,payment_confirmation_page
270228,payment_confirmation_page
949231,payment_confirmation_page
296747,payment_confirmation_page
558788,payment_confirmation_page
21080,payment_confirmation_page
588535,payment_confirmation_page
457777,payment_confirmation_page
24327,payment_confirmation_page
697828,payment_confirmation_page
429437,payment_confirmation_page
948250,payment_confirmation_page
561699,payment_confirmation_page
794799,payment_confirmation_page
983194,payment_confirmation_page
689169,payment_confirmation_page
231324,payment_confirmation_page
34951,payment_confirmation_page
941876,payment_confirmation_page
975100,payment_confirmation_page
335981,payment_confirmation_page
411985,payment_confirmation_page
722402,payment_confirmation_page
506011,payment_confirmation_page
251886,payment_confirmation_page
67279,payment_confirmation_page
192938,payment_confirmation_page
272335,payment_confirmation_page
971768,payment_confirmation_page
351478,payment_confirmation_page
822237,payment_confirmation_page
437536,payment_confirmation_page
335726,payment_confirmation_page
653409,payment_confirmation_page
609108,payment_confirmation_page
499017,payment_confirmation_page
724297,payment_confirmation_page
413289,payment_confirmation_page
639985,payment_confirmation_page
910504,payment_confirmation_page
779824,payment_confirmation_page
854832,payment_confirmation_page
489330,payment_confirmation_page
175920,payment_confirmation_page
893286,payment_confirmation_page
768925,payment_confirmation_page
968133,payment_confirmation_page
182205,payment_confirmation_page
368853,payment_confirmation_page
787223,payment_confirmation_page
908777,payment_confirmation_page
794692,payment_confirmation_page
556866,payment_confirmation_page
784050,payment_confirmation_page
142503,payment_confirmation_page
428612,payment_confirmation_page
400983,payment_confirmation_page
747598,payment_confirmation_page
810075,payment_confirmation_page
43627,payment_confirmation_page
869018,payment_confirmation_page
787029,payment_confirmation_page
475961,payment_confirmation_page
50732,payment_confirmation_page
387089,payment_confirmation_page
86965,payment_confirmation_page
3550,payment_confirmation_page
668707,payment_confirmation_page
180574,payment_confirmation_page
406593,payment_confirmation_page
655323,payment_confirmation_page
50314,payment_confirmation_page
815897,payment_confirmation_page
903683,payment_confirmation_page
427610,payment_confirmation_page
636145,payment_confirmation_page
198640,payment_confirmation_page
630919,payment_confirmation_page
196161,payment_confirmation_page
402223,payment_confirmation_page
256324,payment_confirmation_page
979840,payment_confirmation_page
769671,payment_confirmation_page
556988,payment_confirmation_page
966308,payment_confirmation_page
48593,payment_confirmation_page
226004,payment_confirmation_page
470251,payment_confirmation_page
215179,payment_confirmation_page
359888,payment_confirmation_page
64795,payment_confirmation_page
514185,payment_confirmation_page
976345,payment_confirmation_page
461607,payment_confirmation_page
204077,payment_confirmation_page
796718,payment_confirmation_page
153581,payment_confirmation_page
188859,payment_confirmation_page
53523,payment_confirmation_page
61580,payment_confirmation_page
909294,payment_confirmation_page
529864,payment_confirmation_page
36905,payment_confirmation_page
334163,payment_confirmation_page
543314,payment_confirmation_page
263815,payment_confirmation_page
788190,payment_confirmation_page
147438,payment_confirmation_page
524520,payment_confirmation_page
536318,payment_confirmation_page
552918,payment_confirmation_page
437594,payment_confirmation_page
312851,payment_confirmation_page
120228,payment_confirmation_page
398256,payment_confirmation_page
323081,payment_confirmation_page
173605,payment_confirmation_page
700037,payment_confirmation_page
187969,payment_confirmation_page
477053,payment_confirmation_page
834529,payment_confirmation_page
957226,payment_confirmation_page
167632,payment_confirmation_page
929245,payment_confirmation_page
881882,payment_confirmation_page
410383,payment_confirmation_page
280164,payment_confirmation_page
366519,payment_confirmation_page
491466,payment_confirmation_page
720909,payment_confirmation_page
988168,payment_confirmation_page
113367,payment_confirmation_page
110738,payment_confirmation_page
354011,payment_confirmation_page
423049,payment_confirmation_page
464724,payment_confirmation_page
133172,payment_confirmation_page
545837,payment_confirmation_page
534825,payment_confirmation_page
56530,payment_confirmation_page
787287,payment_confirmation_page
358541,payment_confirmation_page
958606,payment_confirmation_page
406963,payment_confirmation_page
392354,payment_confirmation_page
911701,payment_confirmation_page
627301,payment_confirmation_page
777002,payment_confirmation_page
931071,payment_confirmation_page
476856,payment_confirmation_page
246019,payment_confirmation_page
56668,payment_confirmation_page
545523,payment_confirmation_page
425366,payment_confirmation_page
166056,payment_confirmation_page
971773,payment_confirmation_page
874444,payment_confirmation_page
966710,payment_confirmation_page
48014,payment_confirmation_page
521961,payment_confirmation_page
4068,payment_confirmation_page
122098,payment_confirmation_page
579584,payment_confirmation_page
248867,payment_confirmation_page
494074,payment_confirmation_page
923634,payment_confirmation_page
582760,payment_confirmation_page
373557,payment_confirmation_page
267646,payment_confirmation_page
43283,payment_confirmation_page
865791,payment_confirmation_page
134870,payment_confirmation_page
347863,payment_confirmation_page
599744,payment_confirmation_page
982426,payment_confirmation_page
314500,payment_confirmation_page
619275,payment_confirmation_page
489514,payment_confirmation_page
136923,payment_confirmation_page
676467,payment_confirmation_page
820062,payment_confirmation_page
709837,payment_confirmation_page
628813,payment_confirmation_page
684608,payment_confirmation_page
459845,payment_confirmation_page
183206,payment_confirmation_page
933571,payment_confirmation_page
177952,payment_confirmation_page
11121,payment_confirmation_page
386571,payment_confirmation_page
430109,payment_confirmation_page
449025,payment_confirmation_page
92758,payment_confirmation_page
42416,payment_confirmation_page
737314,payment_confirmation_page
595454,payment_confirmation_page
366945,payment_confirmation_page
129067,payment_confirmation_page
349457,payment_confirmation_page
57696,payment_confirmation_page
128604,payment_confirmation_page
961724,payment_confirmation_page
720954,payment_confirmation_page
292346,payment_confirmation_page
442562,payment_confirmation_page
13244,payment_confirmation_page
790886,payment_confirmation_page
218095,payment_confirmation_page
917640,payment_confirmation_page
179360,payment_confirmation_page
938871,payment_confirmation_page
440324,payment_confirmation_page
471694,payment_confirmation_page
146707,payment_confirmation_page
340309,payment_confirmation_page
398728,payment_confirmation_page
919111,payment_confirmation_page
748208,payment_confirmation_page
453076,payment_confirmation_page
734949,payment_confirmation_page
241305,payment_confirmation_page
147885,payment_confirmation_page
390829,payment_confirmation_page
614282,payment_confirmation_page
108859,payment_confirmation_page
740761,payment_confirmation_page
730579,payment_confirmation_page
168058,payment_confirmation_page
433082,payment_confirmation_page
298343,payment_confirmation_page
957904,payment_confirmation_page
974597,payment_confirmation_page
554049,payment_confirmation_page
465504,payment_confirmation_page
930760,payment_confirmation_page
775567,payment_confirmation_page
818875,payment_confirmation_page
496133,payment_confirmation_page
572199,payment_confirmation_page
821409,payment_confirmation_page
205982,payment_confirmation_page
207476,payment_confirmation_page
444809,payment_confirmation_page
949722,payment_confirmation_page
830786,payment_confirmation_page
347299,payment_confirmation_page
101653,payment_confirmation_page
943832,payment_confirmation_page
381748,payment_confirmation_page
729795,payment_confirmation_page
48547,payment_confirmation_page
895267,payment_confirmation_page
395894,payment_confirmation_page
415177,payment_confirmation_page
877910,payment_confirmation_page
107343,payment_confirmation_page
164286,payment_confirmation_page
27756,payment_confirmation_page
309199,payment_confirmation_page
725500,payment_confirmation_page
558692,payment_confirmation_page
538347,payment_confirmation_page
325381,payment_confirmation_page
300590,payment_confirmation_page
381686,payment_confirmation_page
421015,payment_confirmation_page
105836,payment_confirmation_page
542162,payment_confirmation_page
450030,payment_confirmation_page
155922,payment_confirmation_page
54776,payment_confirmation_page
977882,payment_confirmation_page
623273,payment_confirmation_page
46040,payment_confirmation_page
850175,payment_confirmation_page
485672,payment_confirmation_page
999373,payment_confirmation_page
514935,payment_confirmation_page
707484,payment_confirmation_page
174352,payment_confirmation_page
905680,payment_confirmation_page
662730,payment_confirmation_page
473302,payment_confirmation_page
252222,payment_confirmation_page
345617,payment_confirmation_page
670761,payment_confirmation_page
90457,payment_confirmation_page
549121,payment_confirmation_page
622779,payment_confirmation_page
679891,payment_confirmation_page
428699,payment_confirmation_page
205344,payment_confirmation_page
549109,payment_confirmation_page
374206,payment_confirmation_page
61888,payment_confirmation_page
526427,payment_confirmation_page
779596,payment_confirmation_page
113459,payment_confirmation_page
835761,payment_confirmation_page
991256,payment_confirmation_page
949004,payment_confirmation_page
558802,payment_confirmation_page
231875,payment_confirmation_page
910348,payment_confirmation_page
605466,payment_confirmation_page
512371,payment_confirmation_page
580617,payment_confirmation_page
20882,payment_confirmation_page
861936,payment_confirmation_page
346306,payment_confirmation_page
346486,payment_confirmation_page
813604,payment_confirmation_page
507454,payment_confirmation_page
749413,payment_confirmation_page
472373,payment_confirmation_page
899078,payment_confirmation_page
281282,payment_confirmation_page
151924,payment_confirmation_page
660785,payment_confirmation_page
129965,payment_confirmation_page
763258,payment_confirmation_page
263174,payment_confirmation_page
127036,payment_confirmation_page
896456,payment_confirmation_page
781129,payment_confirmation_page
687329,payment_confirmation_page
468102,payment_confirmation_page
851608,payment_confirmation_page
511859,payment_confirmation_page
182714,payment_confirmation_page
675921,payment_confirmation_page
327838,payment_confirmation_page
494865,payment_confirmation_page
805748,payment_confirmation_page
676143,payment_confirmation_page
62290,payment_confirmation_page
809803,payment_confirmation_page
957983,payment_confirmation_page
136103,payment_confirmation_page
245181,payment_confirmation_page
917807,payment_confirmation_page
107331,payment_confirmation_page
615413,payment_confirmation_page
440573,payment_confirmation_page
560074,payment_confirmation_page
836706,payment_confirmation_page
763106,payment_confirmation_page
220363,payment_confirmation_page
72059,payment_confirmation_page
795159,payment_confirmation_page
131965,payment_confirmation_page
383266,payment_confirmation_page
49328,payment_confirmation_page
652060,payment_confirmation_page
120040,payment_confirmation_page
15298,payment_confirmation_page
921081,payment_confirmation_page
646398,payment_confirmation_page
808976,payment_confirmation_page
323884,payment_confirmation_page
709098,payment_confirmation_page
499391,payment_confirmation_page
130395,payment_confirmation_page
654357,payment_confirmation_page
368635,payment_confirmation_page
792378,payment_confirmation_page
312741,payment_confirmation_page
573455,payment_confirmation_page
415641,payment_confirmation_page
280479,payment_confirmation_page
620349,payment_confirmation_page
2148,payment_confirmation_page
586219,payment_confirmation_page
237151,payment_confirmation_page
284487,payment_confirmation_page
259726,payment_confirmation_page
371286,payment_confirmation_page
963404,payment_confirmation_page
108352,payment_confirmation_page
387033,payment_confirmation_page
677116,payment_confirmation_page
500020,payment_confirmation_page
133558,payment_confirmation_page
277815,payment_confirmation_page
478185,payment_confirmation_page
869349,payment_confirmation_page
257525,payment_confirmation_page
817729,payment_confirmation_page
171891,payment_confirmation_page
861684,payment_confirmation_page
602780,payment_confirmation_page
520481,payment_confirmation_page
315070,payment_confirmation_page
805474,payment_confirmation_page
95551,payment_confirmation_page
795741,payment_confirmation_page
832554,payment_confirmation_page
91822,payment_confirmation_page
865746,payment_confirmation_page
585178,payment_confirmation_page
580311,payment_confirmation_page
731698,payment_confirmation_page
6721,payment_confirmation_page
853710,payment_confirmation_page
109824,payment_confirmation_page
622677,payment_confirmation_page
203192,payment_confirmation_page
504018,payment_confirmation_page
123734,payment_confirmation_page
582979,payment_confirmation_page
105567,payment_confirmation_page
472634,payment_confirmation_page
187745,payment_confirmation_page
747524,payment_confirmation_page
931715,payment_confirmation_page
864599,payment_confirmation_page
702443,payment_confirmation_page
353125,payment_confirmation_page
509270,payment_confirmation_page
852394,payment_confirmation_page
574652,payment_confirmation_page
65986,payment_confirmation_page
57560,payment_confirmation_page
371877,payment_confirmation_page
692546,payment_confirmation_page
308049,payment_confirmation_page
399589,payment_confirmation_page
953810,payment_confirmation_page
163452,payment_confirmation_page
615140,payment_confirmation_page
251028,payment_confirmation_page
83743,payment_confirmation_page
320257,payment_confirmation_page
133715,payment_confirmation_page
432418,payment_confirmation_page
948899,payment_confirmation_page
84861,payment_confirmation_page
172923,payment_confirmation_page
195176,payment_confirmation_page
139772,payment_confirmation_page
887829,payment_confirmation_page
327255,payment_confirmation_page
709944,payment_confirmation_page
305732,payment_confirmation_page
858404,payment_confirmation_page
654052,payment_confirmation_page
53074,payment_confirmation_page
528757,payment_confirmation_page
200667,payment_confirmation_page
824738,payment_confirmation_page
540887,payment_confirmation_page
40557,payment_confirmation_page
822625,payment_confirmation_page
949550,payment_confirmation_page
717028,payment_confirmation_page
17804,payment_confirmation_page
214507,payment_confirmation_page
701096,payment_confirmation_page
616015,payment_confirmation_page